{
  "anthropic:claude-3-5-haiku-20241022": [
    0.23333333333333334,
    0.06666666666666667,
    0.5666666666666667,
    0.13333333333333333,
    0.23333333333333334,
    0.3,
    0.3,
    0.16666666666666666,
    0.0,
    0.1,
    0.5,
    0.4,
    0.4666666666666667,
    0.16666666666666666,
    0.13333333333333333,
    0.13333333333333333,
    0.5666666666666667,
    0.6333333333333333,
    0.4,
    0.1
  ],
  "anthropic:claude-sonnet-4-5-20250929": [
    0.06666666666666667,
    0.0,
    0.06666666666666667,
    0.06666666666666667,
    0.1,
    0.13333333333333333,
    0.06666666666666667,
    0.0,
    0.0,
    0.0,
    0.03333333333333333,
    0.06666666666666667,
    0.36666666666666664,
    0.3333333333333333,
    0.1,
    0.06666666666666667,
    0.2,
    0.26666666666666666,
    0.3333333333333333,
    0.16666666666666666
  ],
  "anthropic:claude-opus-4-1-20250805": [
    0.0,
    0.0,
    0.0,
    0.06666666666666667,
    0.06666666666666667,
    0.13333333333333333,
    0.0,
    0.03333333333333333,
    0.06666666666666667,
    0.03333333333333333,
    0.13333333333333333,
    0.0,
    0.16666666666666666,
    0.16666666666666666,
    0.06666666666666667,
    0.0,
    0.1,
    0.5,
    0.1,
    0.03333333333333333
  ],
  "openai:gpt-5-mini": [
    0.03333333333333333,
    0.03333333333333333,
    0.0,
    0.06666666666666667,
    0.03333333333333333,
    0.13333333333333333,
    0.0,
    0.03333333333333333,
    0.03333333333333333,
    0.03333333333333333,
    0.06666666666666667,
    0.0,
    0.16666666666666666,
    0.2,
    0.1,
    0.03333333333333333,
    0.06666666666666667,
    0.03333333333333333,
    0.03333333333333333,
    0.03333333333333333
  ],
  "openai:gpt-4.1-nano": [
    0.2,
    0.03333333333333333,
    0.5666666666666667,
    0.13333333333333333,
    0.23333333333333334,
    0.4666666666666667,
    0.26666666666666666,
    0.1,
    0.03333333333333333,
    0.13333333333333333,
    0.4,
    0.5,
    0.4666666666666667,
    0.23333333333333334,
    0.1,
    0.06666666666666667,
    0.43333333333333335,
    0.6333333333333333,
    0.2,
    0.06666666666666667
  ],
  "gemini:gemini-2.5-flash-lite": [
    0.13333333333333333,
    0.03333333333333333,
    0.23333333333333334,
    0.13333333333333333,
    0.3,
    0.3,
    0.3333333333333333,
    0.13333333333333333,
    0.06666666666666667,
    0.06666666666666667,
    0.5,
    0.23333333333333334,
    0.3,
    0.16666666666666666,
    0.1,
    0.06666666666666667,
    0.5,
    0.5,
    0.26666666666666666,
    0.1
  ],
  "zai:glm-4.6": [
    0.03333333333333333,
    0.03333333333333333,
    0.1,
    0.1,
    0.13333333333333333,
    0.13333333333333333,
    0.1,
    0.06666666666666667,
    0.03333333333333333,
    0.03333333333333333,
    0.16666666666666666,
    0.0,
    0.16666666666666666,
    0.16666666666666666,
    0.06666666666666667,
    0.03333333333333333,
    0.1,
    0.5333333333333333,
    0.06666666666666667,
    0.03333333333333333
  ],
  "openai:gpt-5-nano": [
    0.06666666666666667,
    0.0,
    0.0,
    0.1,
    0.1,
    0.16666666666666666,
    0.03333333333333333,
    0.03333333333333333,
    0.03333333333333333,
    0.0,
    0.03333333333333333,
    0.03333333333333333,
    0.16666666666666666,
    0.16666666666666666,
    0.1,
    0.4666666666666667,
    0.3333333333333333,
    0.06666666666666667,
    0.03333333333333333,
    0.1
  ],
  "openai:gpt-5-codex": [
    0.03333333333333333,
    0.0,
    0.0,
    0.13333333333333333,
    0.26666666666666666,
    0.4666666666666667,
    0.03333333333333333,
    0.03333333333333333,
    0.03333333333333333,
    0.0,
    0.06666666666666667,
    0.0,
    0.1,
    0.2,
    0.13333333333333333,
    0.0,
    0.06666666666666667,
    0.0,
    0.03333333333333333,
    0.03333333333333333
  ],
  "anthropic:claude-haiku-4-5-20251001": [
    0.06666666666666667,
    0.03333333333333333,
    0.2,
    0.13333333333333333,
    0.13333333333333333,
    0.2,
    0.03333333333333333,
    0.03333333333333333,
    0.03333333333333333,
    0.0,
    0.13333333333333333,
    0.1,
    0.23333333333333334,
    0.2,
    0.13333333333333333,
    0.2,
    0.43333333333333335,
    0.5666666666666667,
    0.26666666666666666,
    0.03333333333333333
  ]
}